logo,name,company_id
https://eodhd.com/img/logos/US/MMM.png,3M,1
https://eodhd.com/img/logos/US/AOS.png,A. O. Smith,2
https://eodhd.com/img/logos/US/ABT.png,Abbott,3
https://eodhd.com/img/logos/US/ABBV.png,AbbVie,4
https://eodhd.com/img/logos/US/ACN.png,Accenture,5
https://eodhd.com/img/logos/US/ATVI.png,Activision Blizzard,6
https://eodhd.com/img/logos/US/ADM.png,ADM,7
https://eodhd.com/img/logos/US/ADBE.png,Adobe Inc.,8
https://eodhd.com/img/logos/US/ADP.png,ADP,9
https://eodhd.com/img/logos/US/AES.png,AES Corporation,10
https://eodhd.com/img/logos/US/AFL.png,Aflac,11
https://eodhd.com/img/logos/US/A.png,Agilent Technologies,12
https://eodhd.com/img/logos/US/APD.png,Air Products and Chemicals,13
https://eodhd.com/img/logos/US/AKAM.png,Akamai,14
https://eodhd.com/img/logos/US/ALK.png,Alaska Air Group,15
https://eodhd.com/img/logos/US/ALB.png,Albemarle Corporation,16
https://eodhd.com/img/logos/US/ARE.png,Alexandria Real Estate Equities,17
https://eodhd.com/img/logos/US/ALGN.png,Align Technology,18
https://eodhd.com/img/logos/US/ALLE.png,Allegion,19
https://eodhd.com/img/logos/US/LNT.png,Alliant Energy,20
https://eodhd.com/img/logos/US/ALL.png,Allstate,21
https://eodhd.com/img/logos/US/GOOGL.png,Alphabet Inc. (Class A),22
https://eodhd.com/img/logos/US/GOOG.png,Alphabet Inc. (Class C),23
https://eodhd.com/img/logos/US/MO.png,Altria,24
https://eodhd.com/img/logos/US/AMZN.png,Amazon,25
https://eodhd.com/img/logos/US/AMCR.png,Amcor,26
https://eodhd.com/img/logos/US/AMD.png,AMD,27
https://eodhd.com/img/logos/US/AEE.png,Ameren,28
https://eodhd.com/img/logos/US/AAL.png,American Airlines Group,29
https://eodhd.com/img/logos/US/AEP.png,American Electric Power,30
https://eodhd.com/img/logos/US/AXP.png,American Express,31
https://eodhd.com/img/logos/US/AIG.png,American International Group,32
https://eodhd.com/img/logos/US/AMT.png,American Tower,33
https://eodhd.com/img/logos/US/AWK.png,American Water Works,34
https://eodhd.com/img/logos/US/AMP.png,Ameriprise Financial,35
https://eodhd.com/img/logos/US/AME.png,Ametek,36
https://eodhd.com/img/logos/US/AMGN.png,Amgen,37
https://eodhd.com/img/logos/US/APH.png,Amphenol,38
https://eodhd.com/img/logos/US/ADI.png,Analog Devices,39
https://eodhd.com/img/logos/US/ANSS.png,Ansys,40
https://eodhd.com/img/logos/US/AON.png,Aon,41
https://eodhd.com/img/logos/US/APA.png,APA Corporation,42
https://eodhd.com/img/logos/US/AAPL.png,Apple Inc.,43
https://eodhd.com/img/logos/US/AMAT.png,Applied Materials,44
https://eodhd.com/img/logos/US/APTV.png,Aptiv,45
https://eodhd.com/img/logos/US/ACGL.png,Arch Capital Group,46
https://eodhd.com/img/logos/US/ANET.png,Arista Networks,47
https://eodhd.com/img/logos/US/AJG.png,Arthur J. Gallagher & Co.,48
https://eodhd.com/img/logos/US/AIZ.png,Assurant,49
https://eodhd.com/img/logos/US/T.png,AT&T,50
https://eodhd.com/img/logos/US/ATO.png,Atmos Energy,51
https://eodhd.com/img/logos/US/ADSK.png,Autodesk,52
https://eodhd.com/img/logos/US/AZO.png,AutoZone,53
https://eodhd.com/img/logos/US/AVB.png,AvalonBay Communities,54
https://eodhd.com/img/logos/US/AVY.png,Avery Dennison,55
https://eodhd.com/img/logos/US/AXON.png,Axon Enterprise,56
https://eodhd.com/img/logos/US/BKR.png,Baker Hughes,57
https://eodhd.com/img/logos/US/BALL.png,Ball Corporation,58
https://eodhd.com/img/logos/US/BAC.png,Bank of America,59
https://eodhd.com/img/logos/US/BBWI.png,Bath & Body Works, Inc.,60
https://eodhd.com/img/logos/US/BAX.png,Baxter International,61
https://eodhd.com/img/logos/US/BDX.png,Becton Dickinson,62
https://eodhd.com/img/logos/US/WRB.png,Berkley,63
https://eodhd.com/img/logos/US/BRK.B,Berkshire Hathaway,64
https://eodhd.com/img/logos/US/BBY.png,Best Buy,65
https://eodhd.com/img/logos/US/BIO.png,Bio-Rad,66
https://eodhd.com/img/logos/US/TECH.png,Bio-Techne,67
https://eodhd.com/img/logos/US/BIIB.png,Biogen,68
https://eodhd.com/img/logos/US/BLK.png,BlackRock,69
https://eodhd.com/img/logos/US/BK.png,BNY Mellon,70
https://eodhd.com/img/logos/US/BA.png,Boeing,71
https://eodhd.com/img/logos/US/BKNG.png,Booking Holdings,72
https://eodhd.com/img/logos/US/BWA.png,BorgWarner,73
https://eodhd.com/img/logos/US/BXP.png,Boston Properties,74
https://eodhd.com/img/logos/US/BSX.png,Boston Scientific,75
https://eodhd.com/img/logos/US/BMY.png,Bristol Myers Squibb,76
https://eodhd.com/img/logos/US/AVGO.png,Broadcom Inc.,77
https://eodhd.com/img/logos/US/BR.png,Broadridge Financial Solutions,78
https://eodhd.com/img/logos/US/BRO.png,Brown & Brown,79
https://eodhd.com/img/logos/US/BF.B,Brown–Forman,80
https://eodhd.com/img/logos/US/BG.png,Bunge Limited,81
https://eodhd.com/img/logos/US/CHRW.png,C.H. Robinson,82
https://eodhd.com/img/logos/US/CDNS.png,Cadence Design Systems,83
https://eodhd.com/img/logos/US/CZR.png,Caesars Entertainment,84
https://eodhd.com/img/logos/US/CPT.png,Camden Property Trust,85
https://eodhd.com/img/logos/US/CPB.png,Campbell Soup Company,86
https://eodhd.com/img/logos/US/COF.png,Capital One,87
https://eodhd.com/img/logos/US/CAH.png,Cardinal Health,88
https://eodhd.com/img/logos/US/KMX.png,CarMax,89
https://eodhd.com/img/logos/US/CCL.png,Carnival,90
https://eodhd.com/img/logos/US/CARR.png,Carrier Global,91
https://eodhd.com/img/logos/US/CTLT.png,Catalent,92
https://eodhd.com/img/logos/US/CAT.png,Caterpillar Inc.,93
https://eodhd.com/img/logos/US/CBOE.png,Cboe Global Markets,94
https://eodhd.com/img/logos/US/CBRE.png,CBRE Group,95
https://eodhd.com/img/logos/US/CDW.png,CDW,96
https://eodhd.com/img/logos/US/CE.png,Celanese,97
https://eodhd.com/img/logos/US/COR.png,Cencora,98
https://eodhd.com/img/logos/US/CNC.png,Centene Corporation,99
https://eodhd.com/img/logos/US/CNP.png,CenterPoint Energy,100
https://eodhd.com/img/logos/US/CDAY.png,Ceridian,101
https://eodhd.com/img/logos/US/CF.png,CF Industries,102
https://eodhd.com/img/logos/US/CRL.png,Charles River Laboratories,103
https://eodhd.com/img/logos/US/SCHW.png,Charles Schwab Corporation,104
https://eodhd.com/img/logos/US/CHTR.png,Charter Communications,105
https://eodhd.com/img/logos/US/CVX.png,Chevron Corporation,106
https://eodhd.com/img/logos/US/CMG.png,Chipotle Mexican Grill,107
https://eodhd.com/img/logos/US/CB.png,Chubb Limited,108
https://eodhd.com/img/logos/US/CHD.png,Church & Dwight,109
https://eodhd.com/img/logos/US/CI.png,Cigna,110
https://eodhd.com/img/logos/US/CINF.png,Cincinnati Financial,111
https://eodhd.com/img/logos/US/CTAS.png,Cintas,112
https://eodhd.com/img/logos/US/CSCO.png,Cisco,113
https://eodhd.com/img/logos/US/C.png,Citigroup,114
https://eodhd.com/img/logos/US/CFG.png,Citizens Financial Group,115
https://eodhd.com/img/logos/US/CLX.png,Clorox,116
https://eodhd.com/img/logos/US/CME.png,CME Group,117
https://eodhd.com/img/logos/US/CMS.png,CMS Energy,118
https://eodhd.com/img/logos/US/KO.png,Coca-Cola Company (The),119
https://eodhd.com/img/logos/US/CTSH.png,Cognizant,120
https://eodhd.com/img/logos/US/CL.png,Colgate-Palmolive,121
https://eodhd.com/img/logos/US/CMCSA.png,Comcast,122
https://eodhd.com/img/logos/US/CMA.png,Comerica,123
https://eodhd.com/img/logos/US/CAG.png,Conagra Brands,124
https://eodhd.com/img/logos/US/COP.png,ConocoPhillips,125
https://eodhd.com/img/logos/US/ED.png,Consolidated Edison,126
https://eodhd.com/img/logos/US/STZ.png,Constellation Brands,127
https://eodhd.com/img/logos/US/CEG.png,Constellation Energy,128
https://eodhd.com/img/logos/US/COO.png,CooperCompanies,129
https://eodhd.com/img/logos/US/CPRT.png,Copart,130
https://eodhd.com/img/logos/US/GLW.png,Corning Inc.,131
https://eodhd.com/img/logos/US/CTVA.png,Corteva,132
https://eodhd.com/img/logos/US/CSGP.png,CoStar Group,133
https://eodhd.com/img/logos/US/COST.png,Costco,134
https://eodhd.com/img/logos/US/CTRA.png,Coterra,135
https://eodhd.com/img/logos/US/CCI.png,Crown Castle,136
https://eodhd.com/img/logos/US/CSX.png,CSX,137
https://eodhd.com/img/logos/US/CMI.png,Cummins,138
https://eodhd.com/img/logos/US/CVS.png,CVS Health,139
https://eodhd.com/img/logos/US/DHI.png,D.R. Horton,140
https://eodhd.com/img/logos/US/DHR.png,Danaher Corporation,141
https://eodhd.com/img/logos/US/DRI.png,Darden Restaurants,142
https://eodhd.com/img/logos/US/DVA.png,DaVita Inc.,143
https://eodhd.com/img/logos/US/DE.png,John Deere,144
https://eodhd.com/img/logos/US/DAL.png,Delta Air Lines,145
https://eodhd.com/img/logos/US/XRAY.png,Dentsply Sirona,146
https://eodhd.com/img/logos/US/DVN.png,Devon Energy,147
https://eodhd.com/img/logos/US/DXCM.png,Dexcom,148
https://eodhd.com/img/logos/US/FANG.png,Diamondback Energy,149
https://eodhd.com/img/logos/US/DLR.png,Digital Realty,150
https://eodhd.com/img/logos/US/DFS.png,Discover Financial,151
https://eodhd.com/img/logos/US/DIS.png,Disney,152
https://eodhd.com/img/logos/US/DG.png,Dollar General,153
https://eodhd.com/img/logos/US/DLTR.png,Dollar Tree,154
https://eodhd.com/img/logos/US/D.png,Dominion Energy,155
https://eodhd.com/img/logos/US/DPZ.png,Domino's,156
https://eodhd.com/img/logos/US/DOV.png,Dover Corporation,157
https://eodhd.com/img/logos/US/DOW.png,Dow Inc.,158
https://eodhd.com/img/logos/US/DTE.png,DTE Energy,159
https://eodhd.com/img/logos/US/DUK.png,Duke Energy,160
https://eodhd.com/img/logos/US/DD.png,DuPont,161
https://eodhd.com/img/logos/US/DXC.png,DXC Technology,162
https://eodhd.com/img/logos/US/EMN.png,Eastman Chemical Company,163
https://eodhd.com/img/logos/US/ETN.png,Eaton Corporation,164
https://eodhd.com/img/logos/US/EBAY.png,eBay,165
https://eodhd.com/img/logos/US/ECL.png,Ecolab,166
https://eodhd.com/img/logos/US/EIX.png,Edison International,167
https://eodhd.com/img/logos/US/EW.png,Edwards Lifesciences,168
https://eodhd.com/img/logos/US/EA.png,Electronic Arts,169
https://eodhd.com/img/logos/US/ELV.png,Elevance Health,170
https://eodhd.com/img/logos/US/LLY.png,Eli Lilly and Company,171
https://eodhd.com/img/logos/US/EMR.png,Emerson Electric,172
https://eodhd.com/img/logos/US/ENPH.png,Enphase,173
https://eodhd.com/img/logos/US/ETR.png,Entergy,174
https://eodhd.com/img/logos/US/EOG.png,EOG Resources,175
https://eodhd.com/img/logos/US/EPAM.png,EPAM Systems,176
https://eodhd.com/img/logos/US/EQT.png,EQT,177
https://eodhd.com/img/logos/US/EFX.png,Equifax,178
https://eodhd.com/img/logos/US/EQIX.png,Equinix,179
https://eodhd.com/img/logos/US/EQR.png,Equity Residential,180
https://eodhd.com/img/logos/US/ESS.png,Essex Property Trust,181
https://eodhd.com/img/logos/US/EL.png,Estée Lauder Companies (The),182
https://eodhd.com/img/logos/US/ETSY.png,Etsy,183
https://eodhd.com/img/logos/US/EG.png,Everest Re,184
https://eodhd.com/img/logos/US/EVRG.png,Evergy,185
https://eodhd.com/img/logos/US/ES.png,Eversource,186
https://eodhd.com/img/logos/US/EXC.png,Exelon,187
https://eodhd.com/img/logos/US/EXPE.png,Expedia Group,188
https://eodhd.com/img/logos/US/EXPD.png,Expeditors International,189
https://eodhd.com/img/logos/US/EXR.png,Extra Space Storage,190
https://eodhd.com/img/logos/US/XOM.png,ExxonMobil,191
https://eodhd.com/img/logos/US/FFIV.png,F5, Inc.,192
https://eodhd.com/img/logos/US/FDS.png,FactSet,193
https://eodhd.com/img/logos/US/FICO.png,Fair Isaac,194
https://eodhd.com/img/logos/US/FAST.png,Fastenal,195
https://eodhd.com/img/logos/US/FRT.png,Federal Realty,196
https://eodhd.com/img/logos/US/FDX.png,FedEx,197
https://eodhd.com/img/logos/US/FITB.png,Fifth Third Bank,198
https://eodhd.com/img/logos/US/FSLR.png,First Solar,199
https://eodhd.com/img/logos/US/FE.png,FirstEnergy,200
https://eodhd.com/img/logos/US/FIS.png,FIS,201
https://eodhd.com/img/logos/US/FI.png,Fiserv,202
https://eodhd.com/img/logos/US/FLT.png,Fleetcor,203
https://eodhd.com/img/logos/US/FMC.png,FMC Corporation,204
https://eodhd.com/img/logos/US/F.png,Ford Motor Company,205
https://eodhd.com/img/logos/US/FTNT.png,Fortinet,206
https://eodhd.com/img/logos/US/FTV.png,Fortive,207
https://eodhd.com/img/logos/US/FOXA.png,Fox Corporation (Class A),208
https://eodhd.com/img/logos/US/FOX.png,Fox Corporation (Class B),209
https://eodhd.com/img/logos/US/BEN.png,Franklin Templeton,210
https://eodhd.com/img/logos/US/FCX.png,Freeport-McMoRan,211
https://eodhd.com/img/logos/US/GRMN.png,Garmin,212
https://eodhd.com/img/logos/US/IT.png,Gartner,213
https://eodhd.com/img/logos/US/GEHC.png,GE HealthCare,214
https://eodhd.com/img/logos/US/GEN.png,Gen Digital,215
https://eodhd.com/img/logos/US/GNRC.png,Generac,216
https://eodhd.com/img/logos/US/GD.png,General Dynamics,217
https://eodhd.com/img/logos/US/GE.png,General Electric,218
https://eodhd.com/img/logos/US/GIS.png,General Mills,219
https://eodhd.com/img/logos/US/GM.png,General Motors,220
https://eodhd.com/img/logos/US/GPC.png,Genuine Parts Company,221
https://eodhd.com/img/logos/US/GILD.png,Gilead Sciences,222
https://eodhd.com/img/logos/US/GL.png,Globe Life,223
https://eodhd.com/img/logos/US/GPN.png,Global Payments,224
https://eodhd.com/img/logos/US/GS.png,Goldman Sachs,225
https://eodhd.com/img/logos/US/HAL.png,Halliburton,226
https://eodhd.com/img/logos/US/HIG.png,Hartford (The),227
https://eodhd.com/img/logos/US/HAS.png,Hasbro,228
https://eodhd.com/img/logos/US/HCA.png,HCA Healthcare,229
https://eodhd.com/img/logos/US/PEAK.png,Healthpeak,230
https://eodhd.com/img/logos/US/HSIC.png,Henry Schein,231
https://eodhd.com/img/logos/US/HSY.png,Hershey's,232
https://eodhd.com/img/logos/US/HES.png,Hess Corporation,233
https://eodhd.com/img/logos/US/HPE.png,Hewlett Packard Enterprise,234
https://eodhd.com/img/logos/US/HLT.png,Hilton Worldwide,235
https://eodhd.com/img/logos/US/HOLX.png,Hologic,236
https://eodhd.com/img/logos/US/HD.png,Home Depot (The),237
https://eodhd.com/img/logos/US/HON.png,Honeywell,238
https://eodhd.com/img/logos/US/HRL.png,Hormel Foods,239
https://eodhd.com/img/logos/US/HST.png,Host Hotels & Resorts,240
https://eodhd.com/img/logos/US/HWM.png,Howmet Aerospace,241
https://eodhd.com/img/logos/US/HPQ.png,HP Inc.,242
https://eodhd.com/img/logos/US/HUM.png,Humana,243
https://eodhd.com/img/logos/US/HBAN.png,Huntington Bancshares,244
https://eodhd.com/img/logos/US/HII.png,Huntington Ingalls Industries,245
https://eodhd.com/img/logos/US/IBM.png,IBM,246
https://eodhd.com/img/logos/US/IEX.png,IDEX Corporation,247
https://eodhd.com/img/logos/US/IDXX.png,Idexx Laboratories,248
https://eodhd.com/img/logos/US/ITW.png,Illinois Tool Works,249
https://eodhd.com/img/logos/US/ILMN.png,Illumina,250
https://eodhd.com/img/logos/US/INCY.png,Incyte,251
https://eodhd.com/img/logos/US/IR.png,Ingersoll Rand,252
https://eodhd.com/img/logos/US/PODD.png,Insulet,253
https://eodhd.com/img/logos/US/INTC.png,Intel,254
https://eodhd.com/img/logos/US/ICE.png,Intercontinental Exchange,255
https://eodhd.com/img/logos/US/IFF.png,International Flavors & Fragrances,256
https://eodhd.com/img/logos/US/IP.png,International Paper,257
https://eodhd.com/img/logos/US/IPG.png,Interpublic Group of Companies (The),258
https://eodhd.com/img/logos/US/INTU.png,Intuit,259
https://eodhd.com/img/logos/US/ISRG.png,Intuitive Surgical,260
https://eodhd.com/img/logos/US/IVZ.png,Invesco,261
https://eodhd.com/img/logos/US/INVH.png,Invitation Homes,262
https://eodhd.com/img/logos/US/IQV.png,IQVIA,263
https://eodhd.com/img/logos/US/IRM.png,Iron Mountain,264
https://eodhd.com/img/logos/US/JBHT.png,J.B. Hunt,265
https://eodhd.com/img/logos/US/JKHY.png,Jack Henry & Associates,266
https://eodhd.com/img/logos/US/J.png,Jacobs Solutions,267
https://eodhd.com/img/logos/US/JNJ.png,Johnson & Johnson,268
https://eodhd.com/img/logos/US/JCI.png,Johnson Controls,269
https://eodhd.com/img/logos/US/JPM.png,JPMorgan Chase,270
https://eodhd.com/img/logos/US/JNPR.png,Juniper Networks,271
https://eodhd.com/img/logos/US/K.png,Kellogg's,272
https://eodhd.com/img/logos/US/KVUE.png,Kenvue,273
https://eodhd.com/img/logos/US/KDP.png,Keurig Dr Pepper,274
https://eodhd.com/img/logos/US/KEY.png,KeyCorp,275
https://eodhd.com/img/logos/US/KEYS.png,Keysight,276
https://eodhd.com/img/logos/US/KMB.png,Kimberly-Clark,277
https://eodhd.com/img/logos/US/KIM.png,Kimco Realty,278
https://eodhd.com/img/logos/US/KMI.png,Kinder Morgan,279
https://eodhd.com/img/logos/US/KLAC.png,KLA Corporation,280
https://eodhd.com/img/logos/US/KHC.png,Kraft Heinz,281
https://eodhd.com/img/logos/US/KR.png,Kroger,282
https://eodhd.com/img/logos/US/LHX.png,L3Harris,283
https://eodhd.com/img/logos/US/LH.png,LabCorp,284
https://eodhd.com/img/logos/US/LRCX.png,Lam Research,285
https://eodhd.com/img/logos/US/LW.png,Lamb Weston,286
https://eodhd.com/img/logos/US/LVS.png,Las Vegas Sands,287
https://eodhd.com/img/logos/US/LDOS.png,Leidos,288
https://eodhd.com/img/logos/US/LEN.png,Lennar,289
https://eodhd.com/img/logos/US/LNC.png,Lincoln Financial,290
https://eodhd.com/img/logos/US/LIN.png,Linde plc,291
https://eodhd.com/img/logos/US/LYV.png,Live Nation Entertainment,292
https://eodhd.com/img/logos/US/LKQ.png,LKQ Corporation,293
https://eodhd.com/img/logos/US/LMT.png,Lockheed Martin,294
https://eodhd.com/img/logos/US/L.png,Loews Corporation,295
https://eodhd.com/img/logos/US/LOW.png,Lowe's,296
https://eodhd.com/img/logos/US/LYB.png,LyondellBasell,297
https://eodhd.com/img/logos/US/MTB.png,M&T Bank,298
https://eodhd.com/img/logos/US/MRO.png,Marathon Oil,299
https://eodhd.com/img/logos/US/MPC.png,Marathon Petroleum,300
https://eodhd.com/img/logos/US/MKTX.png,MarketAxess,301
https://eodhd.com/img/logos/US/MAR.png,Marriott International,302
https://eodhd.com/img/logos/US/MMC.png,Marsh McLennan,303
https://eodhd.com/img/logos/US/MLM.png,Martin Marietta Materials,304
https://eodhd.com/img/logos/US/MAS.png,Masco,305
https://eodhd.com/img/logos/US/MA.png,Mastercard,306
https://eodhd.com/img/logos/US/MTCH.png,Match Group,307
https://eodhd.com/img/logos/US/MKC.png,McCormick & Company,308
https://eodhd.com/img/logos/US/MCD.png,McDonald's,309
https://eodhd.com/img/logos/US/MCK.png,McKesson,310
https://eodhd.com/img/logos/US/MDT.png,Medtronic,311
https://eodhd.com/img/logos/US/MRK.png,Merck & Co.,312
https://eodhd.com/img/logos/US/META.png,Meta Platforms,313
https://eodhd.com/img/logos/US/MET.png,MetLife,314
https://eodhd.com/img/logos/US/MTD.png,Mettler Toledo,315
https://eodhd.com/img/logos/US/MGM.png,MGM Resorts,316
https://eodhd.com/img/logos/US/MCHP.png,Microchip Technology,317
https://eodhd.com/img/logos/US/MU.png,Micron Technology,318
https://eodhd.com/img/logos/US/MSFT.png,Microsoft,319
https://eodhd.com/img/logos/US/MAA.png,Mid-America Apartment Communities,320
https://eodhd.com/img/logos/US/MRNA.png,Moderna,321
https://eodhd.com/img/logos/US/MHK.png,Mohawk Industries,322
https://eodhd.com/img/logos/US/MOH.png,Molina Healthcare,323
https://eodhd.com/img/logos/US/TAP.png,Molson Coors Beverage Company,324
https://eodhd.com/img/logos/US/MDLZ.png,Mondelez International,325
https://eodhd.com/img/logos/US/MPWR.png,Monolithic Power Systems,326
https://eodhd.com/img/logos/US/MNST.png,Monster Beverage,327
https://eodhd.com/img/logos/US/MCO.png,Moody's Corporation,328
https://eodhd.com/img/logos/US/MS.png,Morgan Stanley,329
https://eodhd.com/img/logos/US/MOS.png,Mosaic Company (The),330
https://eodhd.com/img/logos/US/MSI.png,Motorola Solutions,331
https://eodhd.com/img/logos/US/MSCI.png,MSCI,332
https://eodhd.com/img/logos/US/NDAQ.png,Nasdaq, Inc.,333
https://eodhd.com/img/logos/US/NTAP.png,NetApp,334
https://eodhd.com/img/logos/US/NFLX.png,Netflix,335
https://eodhd.com/img/logos/US/NWL.png,Newell Brands,336
https://eodhd.com/img/logos/US/NEM.png,Newmont,337
https://eodhd.com/img/logos/US/NWSA.png,News Corp (Class A),338
https://eodhd.com/img/logos/US/NWS.png,News Corp (Class B),339
https://eodhd.com/img/logos/US/NEE.png,NextEra Energy,340
https://eodhd.com/img/logos/US/NKE.png,Nike, Inc.,341
https://eodhd.com/img/logos/US/NI.png,NiSource,342
https://eodhd.com/img/logos/US/NDSN.png,Nordson Corporation,343
https://eodhd.com/img/logos/US/NSC.png,Norfolk Southern Railway,344
https://eodhd.com/img/logos/US/NTRS.png,Northern Trust,345
https://eodhd.com/img/logos/US/NOC.png,Northrop Grumman,346
https://eodhd.com/img/logos/US/NCLH.png,Norwegian Cruise Line Holdings,347
https://eodhd.com/img/logos/US/NRG.png,NRG Energy,348
https://eodhd.com/img/logos/US/NUE.png,Nucor,349
https://eodhd.com/img/logos/US/NVDA.png,Nvidia,350
https://eodhd.com/img/logos/US/NVR.png,NVR, Inc.,351
https://eodhd.com/img/logos/US/NXPI.png,NXP Semiconductors,352
https://eodhd.com/img/logos/US/ORLY.png,O'Reilly Auto Parts,353
https://eodhd.com/img/logos/US/OXY.png,Occidental Petroleum,354
https://eodhd.com/img/logos/US/ODFL.png,Old Dominion,355
https://eodhd.com/img/logos/US/OMC.png,Omnicom Group,356
https://eodhd.com/img/logos/US/ON.png,ON Semiconductor,357
https://eodhd.com/img/logos/US/OKE.png,ONEOK,358
https://eodhd.com/img/logos/US/ORCL.png,Oracle Corporation,359
https://eodhd.com/img/logos/US/OGN.png,Organon & Co.,360
https://eodhd.com/img/logos/US/OTIS.png,Otis Worldwide,361
https://eodhd.com/img/logos/US/PCAR.png,Paccar,362
https://eodhd.com/img/logos/US/PKG.png,Packaging Corporation of America,363
https://eodhd.com/img/logos/US/PANW.png,Palo Alto Networks,364
https://eodhd.com/img/logos/US/PARA.png,Paramount Global,365
https://eodhd.com/img/logos/US/PH.png,Parker Hannifin,366
https://eodhd.com/img/logos/US/PAYX.png,Paychex,367
https://eodhd.com/img/logos/US/PAYC.png,Paycom,368
https://eodhd.com/img/logos/US/PYPL.png,PayPal,369
https://eodhd.com/img/logos/US/PNR.png,Pentair,370
https://eodhd.com/img/logos/US/PEP.png,PepsiCo,371
https://eodhd.com/img/logos/US/PFE.png,Pfizer,372
https://eodhd.com/img/logos/US/PCG.png,PG&E Corporation,373
https://eodhd.com/img/logos/US/PM.png,Philip Morris International,374
https://eodhd.com/img/logos/US/PSX.png,Phillips 66,375
https://eodhd.com/img/logos/US/PNW.png,Pinnacle West,376
https://eodhd.com/img/logos/US/PXD.png,Pioneer Natural Resources,377
https://eodhd.com/img/logos/US/PNC.png,PNC Financial Services,378
https://eodhd.com/img/logos/US/POOL.png,Pool Corporation,379
https://eodhd.com/img/logos/US/PPG.png,PPG Industries,380
https://eodhd.com/img/logos/US/PPL.png,PPL Corporation,381
https://eodhd.com/img/logos/US/PFG.png,Principal Financial Group,382
https://eodhd.com/img/logos/US/PG.png,Procter & Gamble,383
https://eodhd.com/img/logos/US/PGR.png,Progressive Corporation,384
https://eodhd.com/img/logos/US/PLD.png,Prologis,385
https://eodhd.com/img/logos/US/PRU.png,Prudential Financial,386
https://eodhd.com/img/logos/US/PEG.png,Public Service Enterprise Group,387
https://eodhd.com/img/logos/US/PTC.png,PTC,388
https://eodhd.com/img/logos/US/PSA.png,Public Storage,389
https://eodhd.com/img/logos/US/PHM.png,PulteGroup,390
https://eodhd.com/img/logos/US/QRVO.png,Qorvo,391
https://eodhd.com/img/logos/US/PWR.png,Quanta Services,392
https://eodhd.com/img/logos/US/QCOM.png,Qualcomm,393
https://eodhd.com/img/logos/US/DGX.png,Quest Diagnostics,394
https://eodhd.com/img/logos/US/RL.png,Ralph Lauren Corporation,395
https://eodhd.com/img/logos/US/RJF.png,Raymond James,396
https://eodhd.com/img/logos/US/RTX.png,RTX Corporation,397
https://eodhd.com/img/logos/US/O.png,Realty Income,398
https://eodhd.com/img/logos/US/REG.png,Regency Centers,399
https://eodhd.com/img/logos/US/REGN.png,Regeneron,400
https://eodhd.com/img/logos/US/RF.png,Regions Financial Corporation,401
https://eodhd.com/img/logos/US/RSG.png,Republic Services,402
https://eodhd.com/img/logos/US/RMD.png,ResMed,403
https://eodhd.com/img/logos/US/RVTY.png,Revvity,404
https://eodhd.com/img/logos/US/RHI.png,Robert Half,405
https://eodhd.com/img/logos/US/ROK.png,Rockwell Automation,406
https://eodhd.com/img/logos/US/ROL.png,Rollins, Inc.,407
https://eodhd.com/img/logos/US/ROP.png,Roper Technologies,408
https://eodhd.com/img/logos/US/ROST.png,Ross Stores,409
https://eodhd.com/img/logos/US/RCL.png,Royal Caribbean Group,410
https://eodhd.com/img/logos/US/SPGI.png,S&P Global,411
https://eodhd.com/img/logos/US/CRM.png,Salesforce,412
https://eodhd.com/img/logos/US/SBAC.png,SBA Communications,413
https://eodhd.com/img/logos/US/SLB.png,Schlumberger,414
https://eodhd.com/img/logos/US/STX.png,Seagate Technology,415
https://eodhd.com/img/logos/US/SEE.png,Sealed Air,416
https://eodhd.com/img/logos/US/SRE.png,Sempra Energy,417
https://eodhd.com/img/logos/US/NOW.png,ServiceNow,418
https://eodhd.com/img/logos/US/SHW.png,Sherwin-Williams,419
https://eodhd.com/img/logos/US/SPG.png,Simon Property Group,420
https://eodhd.com/img/logos/US/SWKS.png,Skyworks Solutions,421
https://eodhd.com/img/logos/US/SJM.png,J.M. Smucker Company (The),422
https://eodhd.com/img/logos/US/SNA.png,Snap-on,423
https://eodhd.com/img/logos/US/SEDG.png,SolarEdge,424
https://eodhd.com/img/logos/US/SO.png,Southern Company,425
https://eodhd.com/img/logos/US/LUV.png,Southwest Airlines,426
https://eodhd.com/img/logos/US/SWK.png,Stanley Black & Decker,427
https://eodhd.com/img/logos/US/SBUX.png,Starbucks,428
https://eodhd.com/img/logos/US/STT.png,State Street Corporation,429
https://eodhd.com/img/logos/US/STLD.png,Steel Dynamics,430
https://eodhd.com/img/logos/US/STE.png,Steris,431
https://eodhd.com/img/logos/US/SYK.png,Stryker Corporation,432
https://eodhd.com/img/logos/US/SYF.png,Synchrony Financial,433
https://eodhd.com/img/logos/US/SNPS.png,Synopsys,434
https://eodhd.com/img/logos/US/SYY.png,Sysco,435
https://eodhd.com/img/logos/US/TMUS.png,T-Mobile US,436
https://eodhd.com/img/logos/US/TROW.png,T. Rowe Price,437
https://eodhd.com/img/logos/US/TTWO.png,Take-Two Interactive,438
https://eodhd.com/img/logos/US/TPR.png,Tapestry, Inc.,439
https://eodhd.com/img/logos/US/TRGP.png,Targa Resources,440
https://eodhd.com/img/logos/US/TGT.png,Target Corporation,441
https://eodhd.com/img/logos/US/TEL.png,TE Connectivity,442
https://eodhd.com/img/logos/US/TDY.png,Teledyne Technologies,443
https://eodhd.com/img/logos/US/TFX.png,Teleflex,444
https://eodhd.com/img/logos/US/TER.png,Teradyne,445
https://eodhd.com/img/logos/US/TSLA.png,Tesla, Inc.,446
https://eodhd.com/img/logos/US/TXN.png,Texas Instruments,447
https://eodhd.com/img/logos/US/TXT.png,Textron,448
https://eodhd.com/img/logos/US/TMO.png,Thermo Fisher Scientific,449
https://eodhd.com/img/logos/US/TJX.png,TJX Companies,450
https://eodhd.com/img/logos/US/TSCO.png,Tractor Supply,451
https://eodhd.com/img/logos/US/TT.png,Trane Technologies,452
https://eodhd.com/img/logos/US/TDG.png,TransDigm Group,453
https://eodhd.com/img/logos/US/TRV.png,Travelers Companies (The),454
https://eodhd.com/img/logos/US/TRMB.png,Trimble Inc.,455
https://eodhd.com/img/logos/US/TFC.png,Truist,456
https://eodhd.com/img/logos/US/TYL.png,Tyler Technologies,457
https://eodhd.com/img/logos/US/TSN.png,Tyson Foods,458
https://eodhd.com/img/logos/US/USB.png,U.S. Bank,459
https://eodhd.com/img/logos/US/UDR.png,UDR, Inc.,460
https://eodhd.com/img/logos/US/ULTA.png,Ulta Beauty,461
https://eodhd.com/img/logos/US/UNP.png,Union Pacific Corporation,462
https://eodhd.com/img/logos/US/UAL.png,United Airlines Holdings,463
https://eodhd.com/img/logos/US/UPS.png,United Parcel Service,464
https://eodhd.com/img/logos/US/URI.png,United Rentals,465
https://eodhd.com/img/logos/US/UNH.png,UnitedHealth Group,466
https://eodhd.com/img/logos/US/UHS.png,Universal Health Services,467
https://eodhd.com/img/logos/US/VLO.png,Valero Energy,468
https://eodhd.com/img/logos/US/VTR.png,Ventas,469
https://eodhd.com/img/logos/US/VRSN.png,Verisign,470
https://eodhd.com/img/logos/US/VRSK.png,Verisk,471
https://eodhd.com/img/logos/US/VZ.png,Verizon,472
https://eodhd.com/img/logos/US/VRTX.png,Vertex Pharmaceuticals,473
https://eodhd.com/img/logos/US/VFC.png,VF Corporation,474
https://eodhd.com/img/logos/US/VTRS.png,Viatris,475
https://eodhd.com/img/logos/US/VICI.png,Vici Properties,476
https://eodhd.com/img/logos/US/V.png,Visa Inc.,477
https://eodhd.com/img/logos/US/VMC.png,Vulcan Materials Company,478
https://eodhd.com/img/logos/US/WAB.png,Wabtec,479
https://eodhd.com/img/logos/US/WBA.png,Walgreens Boots Alliance,480
https://eodhd.com/img/logos/US/WMT.png,Walmart,481
https://eodhd.com/img/logos/US/WBD.png,Warner Bros. Discovery,482
https://eodhd.com/img/logos/US/WM.png,Waste Management,483
https://eodhd.com/img/logos/US/WAT.png,Waters Corporation,484
https://eodhd.com/img/logos/US/WEC.png,WEC Energy Group,485
https://eodhd.com/img/logos/US/WFC.png,Wells Fargo,486
https://eodhd.com/img/logos/US/WELL.png,Welltower,487
https://eodhd.com/img/logos/US/WST.png,West Pharmaceutical Services,488
https://eodhd.com/img/logos/US/WDC.png,Western Digital,489
https://eodhd.com/img/logos/US/WRK.png,WestRock,490
https://eodhd.com/img/logos/US/WY.png,Weyerhaeuser,491
https://eodhd.com/img/logos/US/WHR.png,Whirlpool Corporation,492
https://eodhd.com/img/logos/US/WMB.png,Williams Companies,493
https://eodhd.com/img/logos/US/WTW.png,Willis Towers Watson,494
https://eodhd.com/img/logos/US/GWW.png,W. W. Grainger,495
https://eodhd.com/img/logos/US/WYNN.png,Wynn Resorts,496
https://eodhd.com/img/logos/US/XEL.png,Xcel Energy,497
https://eodhd.com/img/logos/US/XYL.png,Xylem Inc.,498
https://eodhd.com/img/logos/US/YUM.png,Yum! Brands,499
https://eodhd.com/img/logos/US/ZBRA.png,Zebra Technologies,500
https://eodhd.com/img/logos/US/ZBH.png,Zimmer Biomet,501
https://eodhd.com/img/logos/US/ZION.png,Zions Bancorporation,502
https://eodhd.com/img/logos/US/ZTS.png,Zoetis,503